INSERT INTO pikachoose.type1 (type_name)
VALUES ("Normal"),
("Fighting"), 
("Flying"),
("Poison"),
("Ground"),
("Rock"),
("Bug"),
("Ghost"),
("Steel"),
("Fire"),
("Water"),
("Grass"),
("Electric"),
("Psychic"),
("Ice"),
("Dragon"),
("Dark"),
("Fairy");

INSERT INTO pikachoose.type2 (type_name)
VALUES ("Normal"),
("Fighting"), 
("Flying"),
("Poison"),
("Ground"),
("Rock"),
("Bug"),
("Ghost"),
("Steel"),
("Fire"),
("Water"),
("Grass"),
("Electric"),
("Psychic"),
("Ice"),
("Dragon"),
("Dark"),
("Fairy");

INSERT INTO pikachoose.pokemon (pokemon_name, physical_attack, physical_defense, special_attack, special_defense, speed, hitpoints, type1_id, type2_id)
VALUES
("Bulbasaur", 49, 49, 65, 65, 45, 45, 12, 4),
("Ivysaur", 62, 63, 80, 80, 60, 60, 12, 4),
("Venusaur", 82, 83, 100, 100, 80, 80, 12, 4),
("Charmander", 52, 43, 60, 50, 65, 39, 10, NULL),
("Charmeleon", 64, 58, 80, 65, 80, 58, 10, NULL),
("Charizard", 84, 78, 109, 85, 100, 78, 10, 3),
("Squirtle", 48, 65, 50, 64, 43, 44, 11, NULL),
("Wartortle", 63, 80, 65, 80, 58, 59, 11, NULL),
("Blastoise", 83, 100, 85, 105, 78, 79, 11, NULL),
("Caterpie", 30, 35, 20, 20, 45, 45, 7, NULL),
("Metapod", 20, 55, 25, 25, 30, 50, 7, NULL),
("Butterfree", 45, 50, 90, 80, 70, 60, 7, 3),
("Weedle", 35, 30, 20, 20, 5, 40, 7, NULL),
("Kakuna", 25, 50, 25, 25, 35, 45, 7, NULL),
("Beedrill", 90, 40, 45, 80, 75, 65, 7, 4),
("Pidgey", 45, 40, 35, 35, 56, 40, 1, 3),
("Pidgeotto", 60, 55, 50, 50, 71, 63, 1, 3),
("Pidgeot", 80, 75, 70, 70, 101, 83, 1, 3),
("Rattata", 56, 35, 25, 35, 72, 30, 1, NULL),
("Raticate", 81, 60, 50, 70, 97, 55, 1, NULL),
("Spearow", 60, 30, 31, 31, 70, 40, 1, 3),
("Fearow", 90, 65, 61, 61, 100, 65, 1, 3),
("Ekans", 60, 44, 40, 54, 55, 35, 4, NULL),
("Arbok", 95, 69, 65, 79, 80, 60, 4, NULL),
("Pikachu", 55, 40, 50, 50, 90, 35, 13, NULL),
("Raichu", 90, 55, 90, 80, 110, 60, 13, NULL),
("Sandshew", 75, 85, 20, 30, 40, 50, 5, NULL),
("Sandslash", 100, 110, 45, 55, 65, 75, 5, NULL),
("Nidoran(female)", 47, 52, 40, 40, 41, 55, 4, NULL),
("Nidorina", 62, 67, 55, 55, 56, 70, 4, NULL),
("Nidoqueen", 92, 87, 75, 85, 76, 90, 4, 5),
("Nidoran(male)", 57, 40, 40, 40, 50, 46, 4, NULL),
("Nidorino", 72, 57, 55, 55, 65, 61, 4, NULL),
("Nidoking", 102, 77, 85, 75, 85, 81, 4, 5),
("Clefairy", 45, 48, 60, 65, 35, 70, 18, NULL),
("Clefable", 70, 73, 95, 90, 60, 95, 18, NULL),
("Vulpix", 41, 40, 50, 65, 65, 38, 10, NULL),
("Ninetails", 76, 75, 81, 100, 100, 73, 10, NULL),
("Jigglypuff", 45, 20, 45, 25, 20, 115, 1, 18),
("Wigglytuff", 70, 45, 85, 50, 45, 140, 1, 18),
("Zubat", 45, 35, 30, 40, 55, 40, 4, 3),
("Golbat", 80, 70, 65, 75, 90, 75, 4, 3),
("Oddish", 50, 55, 75, 65, 30, 45, 12, 4),
("Gloom", 65, 70, 85, 75, 40, 60, 12, 4),
("Vileplume", 80, 85, 110, 90, 50, 75, 12, 4),
("Paras", 70, 55, 45, 55, 25, 35, 7, 12),
("Parasect", 95, 80, 60, 80, 30, 60, 7, 12),
("Venonat", 55, 50, 40, 55, 45, 60, 7, 4),
("Venomoth", 65, 60, 90, 75, 90, 70, 7, 4),
("Diglett", 55, 25, 35, 45, 95, 10, 5, NULL),
("Dugtrio", 100, 50, 50, 70, 120, 35, 5, NULL),
("Meowth", 45, 35, 40, 40, 90, 40, 1, NULL),
("Persian", 70, 60, 65, 65, 115, 65, 1, NULL),
("Psyduck", 52, 48, 65, 50, 55, 50, 11, NULL),
("Golduck", 82, 78, 95, 80, 85, 80, 11, NULL),
("Mankey", 80, 35, 35, 45, 70, 40, 2, NULL),
("Primeape", 105, 60, 60, 70, 95, 65, 2, NULL),
("Growlithe", 70, 45, 70, 50, 60, 55, 10, NULL),
("Arcanine", 110, 80, 100, 80, 95, 90, 10, NULL),
("Poliwag", 50, 40, 40, 40, 90, 40, 11, NULL),
("Poliwhirl", 65, 65, 50, 50, 90, 65, 11, NULL),
("Poliwrath", 95, 95, 70, 90, 70, 90, 11, 2),
("Abra", 20, 15, 105, 55, 90, 25, 14, NULL),
("Kadabra", 35, 30, 120, 70, 105, 40, 14, NULL),
("Alakazam", 50, 45, 135, 95, 120, 55, 14, NULL),
("Machop", 80, 50, 35, 35, 35, 70, 2, NULL),
("Machoke", 100, 70, 50, 60, 45, 80, 2, NULL),
("Machamp", 130, 80, 65, 85, 55, 90, 2, NULL),
("Bellsprout", 75, 35, 70, 30, 40, 50, 12, 4),
("Weepinbell", 90, 50, 85, 45, 55, 65, 12, 4),
("Victreebel", 105, 65, 100, 70, 70, 80, 12, 4),
("Tentacool", 40, 35, 50, 100, 70, 40, 11, 4),
("Tentacruel", 70, 65, 80, 120, 100, 80, 11, 4),
("Geodude", 80, 100, 30, 30, 20, 40, 6, 5),
("Graveler", 95, 115, 45, 45, 35, 55, 6, 5),
("Golem", 120, 130, 55, 65, 45, 80, 6, 5),
("Ponyta", 85, 55, 65, 65, 90, 50, 10, NULL),
("Rapidash", 100, 70, 80, 80, 105, 65, 10, NULL),
("Slowpoke", 65, 65, 40, 40, 15, 90, 11, 14),
("Slowbro", 75, 110, 100, 80, 30, 95, 11, 14),
("Magnemite", 35, 70, 95, 55, 45, 25, 13, 9), 
("Magneton", 60, 95, 120, 70, 70, 50, 13, 9),
("Farfetch'd", 90, 55, 58, 62, 60, 52, 1, 3),
("Doduo", 85, 45, 35, 35, 75, 35, 1, 3),
("Dodrio", 110, 70, 60, 60, 110, 60, 1, 3),
("Seel", 45, 55, 45, 70, 45, 65, 11, NULL),
("Dewgong", 70, 80, 70, 95, 70, 90, 11, 15),
("Grimer", 80, 50, 40, 50, 25, 80, 4, NULL),
("Muk", 105, 75, 65, 100, 50, 105, 4, NULL),
("Shellder", 65, 100, 45, 25, 40, 30, 11, NULL),
("Cloyster", 95, 180, 85, 45, 70, 50, 11, 15),
("Gastly", 35, 30, 100, 35, 80, 30, 8, 4),
("Haunter", 50, 45, 115, 55, 95, 45, 8, 4),
("Gengar", 65, 60, 130, 75, 110, 60, 8, 4),
("Onix", 45, 160, 30, 45, 70, 35, 6, 5),
("Drowzee", 48, 45, 43, 90, 42, 60, 14, NULL),
("Hypno", 73, 70, 73, 115, 67, 85, 14, NULL),
("Krabby", 105, 90, 25, 25, 50, 30, 11, NULL),
("Kingler", 130, 115, 50, 50, 75, 55, 11, NULL),
("Voltorb", 30, 50, 55, 55, 100, 40, 13, NULL),
("Electrode", 50, 70, 80, 80, 150, 60, 13, NULL),
("Exeggcute", 40, 80, 60, 45, 40, 60, 12, 14),
("Exeggutor", 95, 85, 125, 75, 55, 95, 12, 14),
("Cubone", 50, 95, 40, 50, 35, 50, 5, NULL),
("Marowak", 80, 110, 50, 80, 45, 60, 5, NULL),
("Hitmonlee", 120, 53, 35, 110, 87, 50, 2, NULL),
("Hitmonchan", 105, 79, 35, 110, 76, 50, 2, NULL),
("Lickitung", 55, 75, 60, 75, 30, 90, 1, NULL),
("Koffing", 65, 95, 60, 45, 35, 40, 4, NULL),
("Weezing", 90, 120, 85, 70, 60, 65, 4, NULL),
("Rhyhorn", 85, 95, 30, 30, 25, 80, 5, 6),
("Rhydon", 130, 120, 45, 45, 40, 105, 5, 6),
("Chansey", 5, 5, 35, 105, 50, 250, 1, NULL),
("Tangela", 55, 115, 100, 40, 60, 65, 12, NULL),
("Kangaskhan", 95, 80, 40, 80, 90, 105, 1, NULL),
("Horsea", 40, 70, 70, 25, 60, 30, 11, NULL),
("Seadra", 65, 95, 95, 45, 85, 55, 11, NULL),
("Goldeen", 67, 60, 35, 50, 63, 45, 11, NULL),
("Seaking", 92, 65, 65, 80, 68, 80, 11, NULL),
("Staryu", 45, 55, 70, 55, 85, 30, 11, NULL),
("Starmie", 75, 85, 100, 85, 115, 60, 11, 14),
("Mr. Mime", 45, 65, 100, 120, 90, 40, 14, 18),
("Scyther", 110, 80, 55, 80, 105, 70, 7, 3),
("Jynx", 50, 35, 115, 95, 95, 65, 15, 14),
("Electabuzz", 83, 57, 95, 85, 105, 65, 13, NULL),
("Magmar", 95, 57, 100, 85, 93, 65, 10, NULL),
("Pinsir", 125, 100, 55, 70, 85, 65, 7, NULL),
("Tauros", 100, 95, 40, 70, 110, 75, 1, NULL),
("Magikarp", 10, 55, 15, 20, 80, 20, 11, NULL),
("Gyarados", 125, 79, 60, 1100, 81, 95, 11, 3),
("Lapras", 85, 80, 85, 95, 60, 130, 11, 15),
("Ditto", 48, 48, 48, 48, 48, 48, 1, NULL),
("Eevee",55, 50, 45, 65, 55, 55, 1, NULL),
("Vaporeon", 65, 60, 110, 95, 65, 130, 11, NULL),
("Jolteon", 65, 60, 110, 95, 130, 65, 13, NULL),
("Flareon", 130, 60, 95, 110, 65, 65, 10, NULL),
("Porygon", 60, 70, 85, 75, 40, 65, 1, NULL),
("Omanyte", 40, 100, 90, 55, 35, 35, 6, 11),
("Omastar", 60, 125, 115, 70, 55, 70, 6, 11),
("Kabuto", 80, 90, 55, 45, 55, 30, 6, 11),
("Kabutops", 115, 105, 65, 70, 80, 60, 6, 11),
("Aerodactyl", 105, 65, 60, 75, 130, 80, 6, 3),
("Snorlax", 110, 65, 65, 110, 30, 160, 1, NULL),
("Articuno", 85, 100, 95, 125, 85, 90, 15, 3),
("Zapdos", 90, 85, 125, 90, 100, 90, 13, 3),
("Moltres", 100, 90, 125, 85, 90, 90, 10, 3),
("Dratini", 64, 45, 50, 50, 50, 41, 16, NULL),
("Dragonair", 84, 65, 70, 70, 70, 61, 16, NULL),
("Dragonite", 134, 95, 100, 100, 80, 91, 16, 3),
("Mewtwo", 110, 90, 154, 90, 130, 106, 14, NULL),
("Mew", 100, 100, 100, 100, 100, 100, 14, NULL);